asset_class,score,status,trend,risk,action,related_tickers
US Market,62,Bullish Neutral,Uptrend,Medium,Hold,"SPY,QQQ,DIA"
Taiwan Market,58,Neutral,Repairing,Medium,Watch,"0050.TW,2330.TW,2454.TW"
AI / Semis,72,Constructive,Strong,High,Buy Zone,"NVDA,TSM,MRVL"
AI Power Infrastructure,76,Constructive,Strong,High,Buy pullbacks,GEV
Gold,55,Neutral,Stable,Low,Hold,"GC=F,SGLD.L"
BTC,48,Neutral,Volatile,High,Watch,BTC-USD
Core ETFs,66,Constructive,Stable,Low,Buy Zone,"VWRA.L,CNX1.L,IEMA.L"
High Beta Stocks,44,Mixed,Unstable,High,Avoid,"PLTR,MRVL"
Healthcare,52,Neutral,Stable,Low,Hold,WHEA.L
